"x","y","value"
"0x0","0x0","0xD6"
"0x0","0x1","0x90"
"0x0","0x2","0xE9"
"0x0","0x3","0xFE"
"0x0","0x4","0xCC"
"0x0","0x5","0xE1"
"0x0","0x6","0x3D"
"0x0","0x7","0xB7"
"0x0","0x8","0x16"
"0x0","0x9","0xB6"
"0x0","0xa","0x14"
"0x0","0xb","0xC2"
"0x0","0xc","0x28"
"0x0","0xd","0xFB"
"0x0","0xe","0x2C"
"0x0","0xf","0x05"
"0x1","0x0","0x2B"
"0x1","0x1","0x67"
"0x1","0x2","0x9A"
"0x1","0x3","0x76"
"0x1","0x4","0x2A"
"0x1","0x5","0xBE"
"0x1","0x6","0x04"
"0x1","0x7","0xC3"
"0x1","0x8","0xAA"
"0x1","0x9","0x44"
"0x1","0xa","0x13"
"0x1","0xb","0x26"
"0x1","0xc","0x49"
"0x1","0xd","0x86"
"0x1","0xe","0x06"
"0x1","0xf","0x99"
"0x2","0x0","0x9C"
"0x2","0x1","0x42"
"0x2","0x2","0x50"
"0x2","0x3","0xF4"
"0x2","0x4","0x91"
"0x2","0x5","0xEF"
"0x2","0x6","0x98"
"0x2","0x7","0x7A"
"0x2","0x8","0x33"
"0x2","0x9","0x54"
"0x2","0xa","0x0B"
"0x2","0xb","0x43"
"0x2","0xc","0xED"
"0x2","0xd","0xCF"
"0x2","0xe","0xAC"
"0x2","0xf","0x62"
"0x3","0x0","0xE4"
"0x3","0x1","0xB3"
"0x3","0x2","0x1C"
"0x3","0x3","0xA9"
"0x3","0x4","0xC9"
"0x3","0x5","0x08"
"0x3","0x6","0xE8"
"0x3","0x7","0x95"
"0x3","0x8","0x80"
"0x3","0x9","0xDF"
"0x3","0xa","0x94"
"0x3","0xb","0xFA"
"0x3","0xc","0x75"
"0x3","0xd","0x8F"
"0x3","0xe","0x3F"
"0x3","0xf","0xA6"
"0x4","0x0","0x47"
"0x4","0x1","0x07"
"0x4","0x2","0xA7"
"0x4","0x3","0xFC"
"0x4","0x4","0xF3"
"0x4","0x5","0x73"
"0x4","0x6","0x17"
"0x4","0x7","0xBA"
"0x4","0x8","0x83"
"0x4","0x9","0x59"
"0x4","0xa","0x3C"
"0x4","0xb","0x19"
"0x4","0xc","0xE6"
"0x4","0xd","0x85"
"0x4","0xe","0x4F"
"0x4","0xf","0xA8"
"0x5","0x0","0x68"
"0x5","0x1","0x6B"
"0x5","0x2","0x81"
"0x5","0x3","0xB2"
"0x5","0x4","0x71"
"0x5","0x5","0x64"
"0x5","0x6","0xDA"
"0x5","0x7","0x8B"
"0x5","0x8","0xF8"
"0x5","0x9","0xEB"
"0x5","0xa","0x0F"
"0x5","0xb","0x4B"
"0x5","0xc","0x70"
"0x5","0xd","0x56"
"0x5","0xe","0x9D"
"0x5","0xf","0x35"
"0x6","0x0","0x1E"
"0x6","0x1","0x24"
"0x6","0x2","0x0E"
"0x6","0x3","0x5E"
"0x6","0x4","0x63"
"0x6","0x5","0x58"
"0x6","0x6","0xD1"
"0x6","0x7","0xA2"
"0x6","0x8","0x25"
"0x6","0x9","0x22"
"0x6","0xa","0x7C"
"0x6","0xb","0x3B"
"0x6","0xc","0x01"
"0x6","0xd","0x21"
"0x6","0xe","0x78"
"0x6","0xf","0x87"
"0x7","0x0","0xD4"
"0x7","0x1","0x00"
"0x7","0x2","0x46"
"0x7","0x3","0x57"
"0x7","0x4","0x9F"
"0x7","0x5","0xD3"
"0x7","0x6","0x27"
"0x7","0x7","0x52"
"0x7","0x8","0x4C"
"0x7","0x9","0x36"
"0x7","0xa","0x02"
"0x7","0xb","0xE7"
"0x7","0xc","0xA0"
"0x7","0xd","0xC4"
"0x7","0xe","0xC8"
"0x7","0xf","0x9E"
"0x8","0x0","0xEA"
"0x8","0x1","0xBF"
"0x8","0x2","0x8A"
"0x8","0x3","0xD2"
"0x8","0x4","0x40"
"0x8","0x5","0xC7"
"0x8","0x6","0x38"
"0x8","0x7","0xB5"
"0x8","0x8","0xA3"
"0x8","0x9","0xF7"
"0x8","0xa","0xF2"
"0x8","0xb","0xCE"
"0x8","0xc","0xF9"
"0x8","0xd","0x61"
"0x8","0xe","0x15"
"0x8","0xf","0xA1"
"0x9","0x0","0xE0"
"0x9","0x1","0xAE"
"0x9","0x2","0x5D"
"0x9","0x3","0xA4"
"0x9","0x4","0x9B"
"0x9","0x5","0x34"
"0x9","0x6","0x1A"
"0x9","0x7","0x55"
"0x9","0x8","0xAD"
"0x9","0x9","0x93"
"0x9","0xa","0x32"
"0x9","0xb","0x30"
"0x9","0xc","0xF5"
"0x9","0xd","0x8C"
"0x9","0xe","0xB1"
"0x9","0xf","0xE3"
"0xa","0x0","0x1D"
"0xa","0x1","0xF6"
"0xa","0x2","0xE2"
"0xa","0x3","0x2E"
"0xa","0x4","0x82"
"0xa","0x5","0x66"
"0xa","0x6","0xCA"
"0xa","0x7","0x60"
"0xa","0x8","0xC0"
"0xa","0x9","0x29"
"0xa","0xa","0x23"
"0xa","0xb","0xAB"
"0xa","0xc","0x0D"
"0xa","0xd","0x53"
"0xa","0xe","0x4E"
"0xa","0xf","0x6F"
"0xb","0x0","0xD5"
"0xb","0x1","0xDB"
"0xb","0x2","0x37"
"0xb","0x3","0x45"
"0xb","0x4","0xDE"
"0xb","0x5","0xFD"
"0xb","0x6","0x8E"
"0xb","0x7","0x2F"
"0xb","0x8","0x03"
"0xb","0x9","0xFF"
"0xb","0xa","0x6A"
"0xb","0xb","0x72"
"0xb","0xc","0x6D"
"0xb","0xd","0x6C"
"0xb","0xe","0x5B"
"0xb","0xf","0x51"
"0xc","0x0","0x8D"
"0xc","0x1","0x1B"
"0xc","0x2","0xAF"
"0xc","0x3","0x92"
"0xc","0x4","0xBB"
"0xc","0x5","0xDD"
"0xc","0x6","0xBC"
"0xc","0x7","0x7F"
"0xc","0x8","0x11"
"0xc","0x9","0xD9"
"0xc","0xa","0x5C"
"0xc","0xb","0x41"
"0xc","0xc","0x1F"
"0xc","0xd","0x10"
"0xc","0xe","0x5A"
"0xc","0xf","0xD8"
"0xd","0x0","0x0A"
"0xd","0x1","0xC1"
"0xd","0x2","0x31"
"0xd","0x3","0x88"
"0xd","0x4","0xA5"
"0xd","0x5","0xCD"
"0xd","0x6","0x7B"
"0xd","0x7","0xBD"
"0xd","0x8","0x2D"
"0xd","0x9","0x74"
"0xd","0xa","0xD0"
"0xd","0xb","0x12"
"0xd","0xc","0xB8"
"0xd","0xd","0xE5"
"0xd","0xe","0xB4"
"0xd","0xf","0xB0"
"0xe","0x0","0x89"
"0xe","0x1","0x69"
"0xe","0x2","0x97"
"0xe","0x3","0x4A"
"0xe","0x4","0x0C"
"0xe","0x5","0x96"
"0xe","0x6","0x77"
"0xe","0x7","0x7E"
"0xe","0x8","0x65"
"0xe","0x9","0xB9"
"0xe","0xa","0xF1"
"0xe","0xb","0x09"
"0xe","0xc","0xC5"
"0xe","0xd","0x6E"
"0xe","0xe","0xC6"
"0xe","0xf","0x84"
"0xf","0x0","0x18"
"0xf","0x1","0xF0"
"0xf","0x2","0x7D"
"0xf","0x3","0xEC"
"0xf","0x4","0x3A"
"0xf","0x5","0xDC"
"0xf","0x6","0x4D"
"0xf","0x7","0x20"
"0xf","0x8","0x79"
"0xf","0x9","0xEE"
"0xf","0xa","0x5F"
"0xf","0xb","0x3E"
"0xf","0xc","0xD7"
"0xf","0xd","0xCB"
"0xf","0xe","0x39"
"0xf","0xf","0x48"
